[{"created_at":"Mon Jun 03 14:08:55 +0000 2013","id":341557109755887616,"id_str":"341557109755887616","text":"New update GrandWay on #themeforest http:\/\/t.co\/MrinoQF2IS","source":"web","truncated":false,"in_reply_to_status_id":null,"in_reply_to_status_id_str":null,"in_reply_to_user_id":null,"in_reply_to_user_id_str":null,"in_reply_to_screen_name":null,"user":{"id":1395807720,"id_str":"1395807720","name":"DankovTheme","screen_name":"DankovTheme","location":"","description":"","url":"http:\/\/t.co\/JQcJoAH7KL","entities":{"url":{"urls":[{"url":"http:\/\/t.co\/JQcJoAH7KL","expanded_url":"http:\/\/dankov-theme.com","display_url":"dankov-theme.com","indices":[0,22]}]},"description":{"urls":[]}},"protected":false,"followers_count":0,"friends_count":0,"listed_count":0,"created_at":"Wed May 01 23:47:49 +0000 2013","favourites_count":0,"utc_offset":10800,"time_zone":"Kyiv","geo_enabled":false,"verified":false,"statuses_count":6,"lang":"ru","contributors_enabled":false,"is_translator":false,"profile_background_color":"C0DEED","profile_background_image_url":"http:\/\/abs.twimg.com\/images\/themes\/theme1\/bg.png","profile_background_image_url_https":"https:\/\/abs.twimg.com\/images\/themes\/theme1\/bg.png","profile_background_tile":false,"profile_image_url":"http:\/\/a0.twimg.com\/profile_images\/3671329353\/dbc0fd261b26ec6707303f2c1c77ceb6_normal.png","profile_image_url_https":"https:\/\/si0.twimg.com\/profile_images\/3671329353\/dbc0fd261b26ec6707303f2c1c77ceb6_normal.png","profile_link_color":"0084B4","profile_sidebar_border_color":"C0DEED","profile_sidebar_fill_color":"DDEEF6","profile_text_color":"333333","profile_use_background_image":true,"default_profile":true,"default_profile_image":false,"following":false,"follow_request_sent":false,"notifications":false},"geo":null,"coordinates":null,"place":null,"contributors":null,"retweet_count":0,"favorite_count":0,"entities":{"hashtags":[{"text":"themeforest","indices":[23,35]}],"symbols":[],"urls":[{"url":"http:\/\/t.co\/MrinoQF2IS","expanded_url":"http:\/\/themeforest.net\/item\/grandway-responsive-html5css3-template\/4723385","display_url":"themeforest.net\/item\/grandway-\u2026","indices":[36,58]}],"user_mentions":[]},"favorited":false,"retweeted":false,"possibly_sensitive":false,"lang":"en"},{"created_at":"Thu May 23 09:09:57 +0000 2013","id":337495605859475456,"id_str":"337495605859475456","text":"Check out this great #themeforest item 'GrandWay - Responsive HTML5\/CSS3 Template' http:\/\/t.co\/MrinoQF2IS","source":"\u003ca href=\"http:\/\/twitter.com\/tweetbutton\" rel=\"nofollow\"\u003eTweet Button\u003c\/a\u003e","truncated":false,"in_reply_to_status_id":null,"in_reply_to_status_id_str":null,"in_reply_to_user_id":null,"in_reply_to_user_id_str":null,"in_reply_to_screen_name":null,"user":{"id":1395807720,"id_str":"1395807720","name":"DankovTheme","screen_name":"DankovTheme","location":"","description":"","url":"http:\/\/t.co\/JQcJoAH7KL","entities":{"url":{"urls":[{"url":"http:\/\/t.co\/JQcJoAH7KL","expanded_url":"http:\/\/dankov-theme.com","display_url":"dankov-theme.com","indices":[0,22]}]},"description":{"urls":[]}},"protected":false,"followers_count":0,"friends_count":0,"listed_count":0,"created_at":"Wed May 01 23:47:49 +0000 2013","favourites_count":0,"utc_offset":10800,"time_zone":"Kyiv","geo_enabled":false,"verified":false,"statuses_count":6,"lang":"ru","contributors_enabled":false,"is_translator":false,"profile_background_color":"C0DEED","profile_background_image_url":"http:\/\/abs.twimg.com\/images\/themes\/theme1\/bg.png","profile_background_image_url_https":"https:\/\/abs.twimg.com\/images\/themes\/theme1\/bg.png","profile_background_tile":false,"profile_image_url":"http:\/\/a0.twimg.com\/profile_images\/3671329353\/dbc0fd261b26ec6707303f2c1c77ceb6_normal.png","profile_image_url_https":"https:\/\/si0.twimg.com\/profile_images\/3671329353\/dbc0fd261b26ec6707303f2c1c77ceb6_normal.png","profile_link_color":"0084B4","profile_sidebar_border_color":"C0DEED","profile_sidebar_fill_color":"DDEEF6","profile_text_color":"333333","profile_use_background_image":true,"default_profile":true,"default_profile_image":false,"following":false,"follow_request_sent":false,"notifications":false},"geo":null,"coordinates":null,"place":null,"contributors":null,"retweet_count":0,"favorite_count":0,"entities":{"hashtags":[{"text":"themeforest","indices":[21,33]}],"symbols":[],"urls":[{"url":"http:\/\/t.co\/MrinoQF2IS","expanded_url":"http:\/\/themeforest.net\/item\/grandway-responsive-html5css3-template\/4723385","display_url":"themeforest.net\/item\/grandway-\u2026","indices":[83,105]}],"user_mentions":[]},"favorited":false,"retweeted":false,"possibly_sensitive":false,"lang":"en"},{"created_at":"Wed May 22 09:20:18 +0000 2013","id":337135823986237442,"id_str":"337135823986237442","text":"In next month WP version GrandWay themes;) Wait...","source":"web","truncated":false,"in_reply_to_status_id":null,"in_reply_to_status_id_str":null,"in_reply_to_user_id":null,"in_reply_to_user_id_str":null,"in_reply_to_screen_name":null,"user":{"id":1395807720,"id_str":"1395807720","name":"DankovTheme","screen_name":"DankovTheme","location":"","description":"","url":"http:\/\/t.co\/JQcJoAH7KL","entities":{"url":{"urls":[{"url":"http:\/\/t.co\/JQcJoAH7KL","expanded_url":"http:\/\/dankov-theme.com","display_url":"dankov-theme.com","indices":[0,22]}]},"description":{"urls":[]}},"protected":false,"followers_count":0,"friends_count":0,"listed_count":0,"created_at":"Wed May 01 23:47:49 +0000 2013","favourites_count":0,"utc_offset":10800,"time_zone":"Kyiv","geo_enabled":false,"verified":false,"statuses_count":6,"lang":"ru","contributors_enabled":false,"is_translator":false,"profile_background_color":"C0DEED","profile_background_image_url":"http:\/\/abs.twimg.com\/images\/themes\/theme1\/bg.png","profile_background_image_url_https":"https:\/\/abs.twimg.com\/images\/themes\/theme1\/bg.png","profile_background_tile":false,"profile_image_url":"http:\/\/a0.twimg.com\/profile_images\/3671329353\/dbc0fd261b26ec6707303f2c1c77ceb6_normal.png","profile_image_url_https":"https:\/\/si0.twimg.com\/profile_images\/3671329353\/dbc0fd261b26ec6707303f2c1c77ceb6_normal.png","profile_link_color":"0084B4","profile_sidebar_border_color":"C0DEED","profile_sidebar_fill_color":"DDEEF6","profile_text_color":"333333","profile_use_background_image":true,"default_profile":true,"default_profile_image":false,"following":false,"follow_request_sent":false,"notifications":false},"geo":null,"coordinates":null,"place":null,"contributors":null,"retweet_count":0,"favorite_count":0,"entities":{"hashtags":[],"symbols":[],"urls":[],"user_mentions":[]},"favorited":false,"retweeted":false,"lang":"en"}]