[{"created_at":"Thu Nov 07 22:51:30 +0000 2013","id":398583517019643904,"id_str":"398583517019643904","text":"Show how @Office helps you get your work done each day &amp; you could win the trip of a lifetime! Details: http:\/\/t.co\/FY4gLCHiIo #GetItDone","source":"\u003ca href=\"http:\/\/www.sprinklr.com\" rel=\"nofollow\"\u003eSprinklr\u003c\/a\u003e","truncated":false,"in_reply_to_status_id":null,"in_reply_to_status_id_str":null,"in_reply_to_user_id":null,"in_reply_to_user_id_str":null,"in_reply_to_screen_name":null,"user":{"id":74286565,"id_str":"74286565","name":"Microsoft","screen_name":"Microsoft","location":"Redmond, WA","description":"The official Twitter page for Microsoft consumer products and your source for major announcements and events.","url":"http:\/\/t.co\/iIrGzB9fzr","entities":{"url":{"urls":[{"url":"http:\/\/t.co\/iIrGzB9fzr","expanded_url":"http:\/\/www.facebook.com\/Microsoft","display_url":"facebook.com\/Microsoft","indices":[0,22]}]},"description":{"urls":[]}},"protected":false,"followers_count":3374726,"friends_count":1050,"listed_count":10492,"created_at":"Mon Sep 14 22:35:42 +0000 2009","favourites_count":99,"utc_offset":-28800,"time_zone":"Pacific Time (US & Canada)","geo_enabled":false,"verified":true,"statuses_count":6327,"lang":"en","contributors_enabled":false,"is_translator":false,"profile_background_color":"00AEEF","profile_background_image_url":"http:\/\/a0.twimg.com\/profile_background_images\/431832285\/Twitter_BG_1040x2000.png","profile_background_image_url_https":"https:\/\/si0.twimg.com\/profile_background_images\/431832285\/Twitter_BG_1040x2000.png","profile_background_tile":false,"profile_image_url":"http:\/\/pbs.twimg.com\/profile_images\/2535822544\/secztwqh31xo8xydi4kq_normal.png","profile_image_url_https":"https:\/\/pbs.twimg.com\/profile_images\/2535822544\/secztwqh31xo8xydi4kq_normal.png","profile_banner_url":"https:\/\/pbs.twimg.com\/profile_banners\/74286565\/1378498247","profile_link_color":"1570A6","profile_sidebar_border_color":"8FC642","profile_sidebar_fill_color":"FFFFFF","profile_text_color":"333333","profile_use_background_image":true,"default_profile":false,"default_profile_image":false,"following":null,"follow_request_sent":false,"notifications":null},"geo":null,"coordinates":null,"place":null,"contributors":null,"retweet_count":41,"favorite_count":26,"entities":{"hashtags":[{"text":"GetItDone","indices":[131,141]}],"symbols":[],"urls":[{"url":"http:\/\/t.co\/FY4gLCHiIo","expanded_url":"http:\/\/msft.it\/6012jElr","display_url":"msft.it\/6012jElr","indices":[108,130]}],"user_mentions":[{"screen_name":"Office","name":"Office","id":22209176,"id_str":"22209176","indices":[9,16]}]},"favorited":false,"retweeted":false,"possibly_sensitive":false,"lang":"en"},{"created_at":"Thu Nov 07 21:16:35 +0000 2013","id":398559629891756032,"id_str":"398559629891756032","text":"RT @MSFTnews: Take a walk on the Dark Side in \"Star Wars: Tiny Death Star\" for @Windows &amp; @WindowsPhone 8! http:\/\/t.co\/79XhTsU5el","source":"\u003ca href=\"http:\/\/www.tweetdeck.com\" rel=\"nofollow\"\u003eTweetDeck\u003c\/a\u003e","truncated":false,"in_reply_to_status_id":null,"in_reply_to_status_id_str":null,"in_reply_to_user_id":null,"in_reply_to_user_id_str":null,"in_reply_to_screen_name":null,"user":{"id":74286565,"id_str":"74286565","name":"Microsoft","screen_name":"Microsoft","location":"Redmond, WA","description":"The official Twitter page for Microsoft consumer products and your source for major announcements and events.","url":"http:\/\/t.co\/iIrGzB9fzr","entities":{"url":{"urls":[{"url":"http:\/\/t.co\/iIrGzB9fzr","expanded_url":"http:\/\/www.facebook.com\/Microsoft","display_url":"facebook.com\/Microsoft","indices":[0,22]}]},"description":{"urls":[]}},"protected":false,"followers_count":3374726,"friends_count":1050,"listed_count":10492,"created_at":"Mon Sep 14 22:35:42 +0000 2009","favourites_count":99,"utc_offset":-28800,"time_zone":"Pacific Time (US & Canada)","geo_enabled":false,"verified":true,"statuses_count":6327,"lang":"en","contributors_enabled":false,"is_translator":false,"profile_background_color":"00AEEF","profile_background_image_url":"http:\/\/a0.twimg.com\/profile_background_images\/431832285\/Twitter_BG_1040x2000.png","profile_background_image_url_https":"https:\/\/si0.twimg.com\/profile_background_images\/431832285\/Twitter_BG_1040x2000.png","profile_background_tile":false,"profile_image_url":"http:\/\/pbs.twimg.com\/profile_images\/2535822544\/secztwqh31xo8xydi4kq_normal.png","profile_image_url_https":"https:\/\/pbs.twimg.com\/profile_images\/2535822544\/secztwqh31xo8xydi4kq_normal.png","profile_banner_url":"https:\/\/pbs.twimg.com\/profile_banners\/74286565\/1378498247","profile_link_color":"1570A6","profile_sidebar_border_color":"8FC642","profile_sidebar_fill_color":"FFFFFF","profile_text_color":"333333","profile_use_background_image":true,"default_profile":false,"default_profile_image":false,"following":null,"follow_request_sent":false,"notifications":null},"geo":null,"coordinates":null,"place":null,"contributors":null,"retweeted_status":{"created_at":"Thu Nov 07 21:11:01 +0000 2013","id":398558230387122176,"id_str":"398558230387122176","text":"Take a walk on the Dark Side in \"Star Wars: Tiny Death Star\" for @Windows &amp; @WindowsPhone 8! http:\/\/t.co\/79XhTsU5el","source":"\u003ca href=\"http:\/\/www.sprinklr.com\" rel=\"nofollow\"\u003eSprinklr\u003c\/a\u003e","truncated":false,"in_reply_to_status_id":null,"in_reply_to_status_id_str":null,"in_reply_to_user_id":null,"in_reply_to_user_id_str":null,"in_reply_to_screen_name":null,"user":{"id":24741685,"id_str":"24741685","name":"Microsoft News","screen_name":"MSFTnews","location":"Redmond, WA","description":"The official Twitter page for Microsoft news. Your view from the inside.","url":"http:\/\/t.co\/vzYljEYj9e","entities":{"url":{"urls":[{"url":"http:\/\/t.co\/vzYljEYj9e","expanded_url":"http:\/\/www.microsoft.com\/news","display_url":"microsoft.com\/news","indices":[0,22]}]},"description":{"urls":[]}},"protected":false,"followers_count":515413,"friends_count":1921,"listed_count":13624,"created_at":"Mon Mar 16 18:29:00 +0000 2009","favourites_count":4,"utc_offset":-28800,"time_zone":"Pacific Time (US & Canada)","geo_enabled":false,"verified":true,"statuses_count":9278,"lang":"en","contributors_enabled":false,"is_translator":false,"profile_background_color":"0072C6","profile_background_image_url":"http:\/\/abs.twimg.com\/images\/themes\/theme14\/bg.gif","profile_background_image_url_https":"https:\/\/abs.twimg.com\/images\/themes\/theme14\/bg.gif","profile_background_tile":true,"profile_image_url":"http:\/\/pbs.twimg.com\/profile_images\/1536324742\/72x72_msftnews_normal.png","profile_image_url_https":"https:\/\/pbs.twimg.com\/profile_images\/1536324742\/72x72_msftnews_normal.png","profile_banner_url":"https:\/\/pbs.twimg.com\/profile_banners\/24741685\/1375483196","profile_link_color":"009999","profile_sidebar_border_color":"FFFFFF","profile_sidebar_fill_color":"EFEFEF","profile_text_color":"333333","profile_use_background_image":false,"default_profile":false,"default_profile_image":false,"following":null,"follow_request_sent":false,"notifications":null},"geo":null,"coordinates":null,"place":null,"contributors":null,"retweet_count":30,"favorite_count":15,"entities":{"hashtags":[],"symbols":[],"urls":[{"url":"http:\/\/t.co\/79XhTsU5el","expanded_url":"http:\/\/spr.ly\/6012jEVC","display_url":"spr.ly\/6012jEVC","indices":[97,119]}],"user_mentions":[{"screen_name":"Windows","name":"Windows","id":15670515,"id_str":"15670515","indices":[65,73]},{"screen_name":"windowsphone","name":"Windows Phone","id":16425197,"id_str":"16425197","indices":[80,93]}]},"favorited":false,"retweeted":false,"possibly_sensitive":false,"lang":"en"},"retweet_count":30,"favorite_count":0,"entities":{"hashtags":[],"symbols":[],"urls":[{"url":"http:\/\/t.co\/79XhTsU5el","expanded_url":"http:\/\/spr.ly\/6012jEVC","display_url":"spr.ly\/6012jEVC","indices":[111,133]}],"user_mentions":[{"screen_name":"MSFTnews","name":"Microsoft News","id":24741685,"id_str":"24741685","indices":[3,12]},{"screen_name":"Windows","name":"Windows","id":15670515,"id_str":"15670515","indices":[79,87]},{"screen_name":"windowsphone","name":"Windows Phone","id":16425197,"id_str":"16425197","indices":[94,107]}]},"favorited":false,"retweeted":false,"possibly_sensitive":false,"lang":"en"},{"created_at":"Thu Nov 07 20:59:54 +0000 2013","id":398555432916365313,"id_str":"398555432916365313","text":"Thanks for providing today's Giving Heroes illustration, @Chairman_Ting! #GivingHero http:\/\/t.co\/GdQmUqU6TI","source":"\u003ca href=\"http:\/\/www.sprinklr.com\" rel=\"nofollow\"\u003eSprinklr\u003c\/a\u003e","truncated":false,"in_reply_to_status_id":null,"in_reply_to_status_id_str":null,"in_reply_to_user_id":null,"in_reply_to_user_id_str":null,"in_reply_to_screen_name":null,"user":{"id":74286565,"id_str":"74286565","name":"Microsoft","screen_name":"Microsoft","location":"Redmond, WA","description":"The official Twitter page for Microsoft consumer products and your source for major announcements and events.","url":"http:\/\/t.co\/iIrGzB9fzr","entities":{"url":{"urls":[{"url":"http:\/\/t.co\/iIrGzB9fzr","expanded_url":"http:\/\/www.facebook.com\/Microsoft","display_url":"facebook.com\/Microsoft","indices":[0,22]}]},"description":{"urls":[]}},"protected":false,"followers_count":3374726,"friends_count":1050,"listed_count":10492,"created_at":"Mon Sep 14 22:35:42 +0000 2009","favourites_count":99,"utc_offset":-28800,"time_zone":"Pacific Time (US & Canada)","geo_enabled":false,"verified":true,"statuses_count":6327,"lang":"en","contributors_enabled":false,"is_translator":false,"profile_background_color":"00AEEF","profile_background_image_url":"http:\/\/a0.twimg.com\/profile_background_images\/431832285\/Twitter_BG_1040x2000.png","profile_background_image_url_https":"https:\/\/si0.twimg.com\/profile_background_images\/431832285\/Twitter_BG_1040x2000.png","profile_background_tile":false,"profile_image_url":"http:\/\/pbs.twimg.com\/profile_images\/2535822544\/secztwqh31xo8xydi4kq_normal.png","profile_image_url_https":"https:\/\/pbs.twimg.com\/profile_images\/2535822544\/secztwqh31xo8xydi4kq_normal.png","profile_banner_url":"https:\/\/pbs.twimg.com\/profile_banners\/74286565\/1378498247","profile_link_color":"1570A6","profile_sidebar_border_color":"8FC642","profile_sidebar_fill_color":"FFFFFF","profile_text_color":"333333","profile_use_background_image":true,"default_profile":false,"default_profile_image":false,"following":null,"follow_request_sent":false,"notifications":null},"geo":null,"coordinates":null,"place":null,"contributors":null,"retweet_count":32,"favorite_count":50,"entities":{"hashtags":[{"text":"GivingHero","indices":[73,84]}],"symbols":[],"urls":[],"user_mentions":[{"screen_name":"Chairman_Ting","name":"Chairman Ting ","id":58032191,"id_str":"58032191","indices":[57,71]}],"media":[{"id":398555432765382656,"id_str":"398555432765382656","indices":[85,107],"media_url":"http:\/\/pbs.twimg.com\/media\/BYf0DfFIYAA3K-Y.jpg","media_url_https":"https:\/\/pbs.twimg.com\/media\/BYf0DfFIYAA3K-Y.jpg","url":"http:\/\/t.co\/GdQmUqU6TI","display_url":"pic.twitter.com\/GdQmUqU6TI","expanded_url":"http:\/\/twitter.com\/Microsoft\/status\/398555432916365313\/photo\/1","type":"photo","sizes":{"medium":{"w":600,"h":450,"resize":"fit"},"thumb":{"w":150,"h":150,"resize":"crop"},"small":{"w":340,"h":255,"resize":"fit"},"large":{"w":960,"h":720,"resize":"fit"}}}]},"favorited":false,"retweeted":false,"possibly_sensitive":false,"lang":"en"}]